subscription_id,customer_id,plan_name,mrr,start_date,end_date,status,billing_cycle,upgraded,discount_pct
SUB00001,CUST0001,Starter,92.1,2023-07-01,,Active,Annual,False,20
SUB00002,CUST0002,Business,836.69,2024-11-18,,Active,Monthly,True,0
SUB00003,CUST0003,Growth,300.52,2024-11-28,,Active,Annual,False,0
SUB00004,CUST0004,Starter,104.39,2024-05-12,,Active,Annual,False,0
SUB00005,CUST0005,Starter,93.98,2023-09-29,,Active,Annual,False,0
SUB00006,CUST0006,Starter,93.2,2023-08-30,,Active,Monthly,False,20
SUB00007,CUST0007,Business,762.8,2024-08-11,2024-12-18,Churned,Monthly,False,20
SUB00008,CUST0008,Business,871.65,2024-04-11,,Active,Monthly,False,10
SUB00009,CUST0009,Starter,97.86,2023-04-29,2024-10-30,Churned,Monthly,False,15
SUB00010,CUST0010,Starter,100.23,2024-03-29,,Active,Annual,True,0
SUB00011,CUST0011,Starter,107.02,2023-06-17,2023-12-13,Churned,Monthly,False,0
SUB00012,CUST0012,Business,735.17,2024-08-18,,Active,Monthly,True,20
SUB00013,CUST0013,Growth,325.01,2023-08-05,,Active,Monthly,False,20
SUB00014,CUST0014,Starter,101.89,2023-10-17,,Active,Monthly,True,0
SUB00015,CUST0015,Business,868.78,2023-04-16,,Active,Annual,False,0
SUB00016,CUST0016,Enterprise,2197.77,2023-06-05,,Active,Annual,False,20
SUB00017,CUST0017,Enterprise,2149.62,2023-07-01,2024-06-15,Churned,Annual,False,20
SUB00018,CUST0018,Starter,98.1,2023-12-16,,Active,Annual,False,0
SUB00019,CUST0019,Growth,285.42,2023-07-26,,Active,Annual,False,0
SUB00020,CUST0020,Business,721.35,2024-03-29,2024-08-11,Churned,Monthly,False,10
SUB00021,CUST0021,Starter,106.05,2024-09-23,,Active,Monthly,False,0
SUB00022,CUST0022,Growth,280.15,2023-06-07,2024-07-02,Churned,Annual,False,0
SUB00023,CUST0023,Starter,97.95,2024-05-11,,Active,Monthly,False,0
SUB00024,CUST0024,Starter,96.22,2024-11-17,,Active,Monthly,False,0
SUB00025,CUST0025,Growth,324.3,2024-03-31,,Active,Annual,False,0
SUB00026,CUST0026,Enterprise,1946.04,2024-09-08,,Active,Monthly,False,0
SUB00027,CUST0027,Enterprise,1948.48,2023-08-27,,Active,Annual,False,15
SUB00028,CUST0028,Business,840.85,2024-04-10,,Active,Annual,False,0
SUB00029,CUST0029,Growth,290.73,2024-08-20,,Active,Annual,True,20
SUB00030,CUST0030,Starter,99.73,2024-07-24,2024-11-27,Churned,Monthly,False,0
SUB00031,CUST0031,Business,797.21,2023-10-30,,Active,Monthly,False,0
SUB00032,CUST0032,Growth,302.82,2023-03-30,,Active,Monthly,False,0
SUB00033,CUST0033,Starter,89.16,2024-08-12,2024-10-20,Churned,Monthly,False,0
SUB00034,CUST0034,Starter,108.78,2023-10-12,,Active,Annual,True,0
SUB00035,CUST0035,Growth,315.08,2023-11-16,,Active,Annual,False,0
SUB00036,CUST0036,Enterprise,1952.02,2023-08-05,,Active,Monthly,False,0
SUB00037,CUST0037,Growth,301.35,2023-11-15,,Active,Monthly,False,0
SUB00038,CUST0038,Growth,312.63,2023-11-19,,Active,Monthly,True,0
SUB00039,CUST0039,Growth,301.66,2023-11-21,,Active,Monthly,False,0
SUB00040,CUST0040,Starter,107.66,2024-11-30,,Active,Annual,True,0
SUB00041,CUST0041,Business,860.32,2024-09-06,2024-11-18,Churned,Monthly,False,0
SUB00042,CUST0042,Growth,309.29,2023-11-10,,Active,Monthly,False,0
SUB00043,CUST0043,Growth,314.21,2024-06-29,,Active,Annual,True,0
SUB00044,CUST0044,Enterprise,2029.43,2023-11-02,,Active,Annual,False,0
SUB00045,CUST0045,Business,876.61,2024-11-23,,Active,Monthly,False,0
SUB00046,CUST0046,Growth,313.07,2024-07-02,2024-11-25,Churned,Monthly,False,0
SUB00047,CUST0047,Enterprise,2175.55,2024-07-31,,Active,Monthly,False,0
SUB00048,CUST0048,Starter,96.55,2024-09-10,,Active,Annual,False,0
SUB00049,CUST0049,Business,847.86,2023-09-18,,Active,Annual,False,0
SUB00050,CUST0050,Starter,93.91,2024-01-13,,Active,Annual,False,15
SUB00051,CUST0051,Starter,103.45,2024-12-16,,Active,Annual,False,0
SUB00052,CUST0052,Business,749.17,2023-07-18,,Active,Monthly,False,0
SUB00053,CUST0053,Business,772.31,2024-03-05,,Active,Annual,True,20
SUB00054,CUST0054,Starter,108.89,2023-03-24,,Active,Annual,False,0
SUB00055,CUST0055,Enterprise,2019.82,2024-04-18,,Active,Monthly,False,0
SUB00056,CUST0056,Starter,99.25,2023-04-12,,Active,Annual,True,0
SUB00057,CUST0057,Business,865.21,2023-01-17,,Active,Monthly,False,0
SUB00058,CUST0058,Starter,94.26,2023-09-04,,Active,Monthly,False,0
SUB00059,CUST0059,Starter,96.62,2023-11-27,,Active,Annual,False,0
SUB00060,CUST0060,Starter,105.37,2024-07-17,,Active,Monthly,False,0
SUB00061,CUST0061,Business,746.15,2024-07-27,,Active,Annual,False,0
SUB00062,CUST0062,Growth,272.61,2024-01-10,2024-04-17,Churned,Annual,False,0
SUB00063,CUST0063,Business,785.0,2024-03-10,,Active,Annual,False,0
SUB00064,CUST0064,Growth,291.42,2024-02-11,,Active,Annual,False,0
SUB00065,CUST0065,Growth,269.5,2023-04-09,,Active,Monthly,True,0
SUB00066,CUST0066,Enterprise,1805.95,2023-10-10,,Active,Annual,False,20
SUB00067,CUST0067,Starter,91.01,2024-12-25,,Active,Monthly,False,15
SUB00068,CUST0068,Starter,96.96,2024-09-21,,Active,Monthly,False,20
SUB00069,CUST0069,Starter,102.64,2023-10-11,,Active,Annual,False,10
SUB00070,CUST0070,Starter,96.61,2023-05-16,,Active,Monthly,True,0
SUB00071,CUST0071,Growth,295.05,2024-08-04,,Active,Annual,False,0
SUB00072,CUST0072,Growth,271.64,2023-03-01,,Active,Annual,False,0
SUB00073,CUST0073,Starter,90.57,2024-11-09,,Active,Monthly,False,0
SUB00074,CUST0074,Enterprise,1924.83,2023-02-09,,Active,Annual,False,10
SUB00075,CUST0075,Starter,90.62,2023-08-05,,Active,Annual,False,0
SUB00076,CUST0076,Business,772.11,2024-09-23,,Active,Annual,True,10
SUB00077,CUST0077,Growth,327.36,2023-06-20,2024-03-29,Churned,Monthly,False,0
SUB00078,CUST0078,Growth,305.81,2023-01-25,,Active,Monthly,False,0
SUB00079,CUST0079,Business,791.1,2023-09-15,2024-08-23,Churned,Annual,False,0
SUB00080,CUST0080,Growth,308.61,2023-08-08,,Active,Annual,False,10
SUB00081,CUST0081,Starter,92.15,2024-08-02,,Active,Annual,False,0
SUB00082,CUST0082,Starter,89.2,2024-05-04,2024-10-03,Churned,Annual,False,0
SUB00083,CUST0083,Starter,97.63,2024-05-09,,Active,Monthly,False,0
SUB00084,CUST0084,Growth,304.8,2023-12-31,,Active,Monthly,False,0
SUB00085,CUST0085,Business,834.93,2024-07-23,,Active,Monthly,False,0
SUB00086,CUST0086,Growth,279.24,2024-01-02,2024-07-17,Churned,Monthly,False,0
SUB00087,CUST0087,Growth,294.28,2023-09-29,,Active,Monthly,True,0
SUB00088,CUST0088,Growth,304.61,2024-09-06,2024-11-11,Churned,Monthly,False,0
SUB00089,CUST0089,Starter,105.76,2024-07-27,,Active,Monthly,False,0
SUB00090,CUST0090,Business,823.14,2023-08-27,,Active,Annual,False,0
SUB00091,CUST0091,Growth,279.72,2024-03-08,,Active,Annual,False,0
SUB00092,CUST0092,Enterprise,2111.73,2023-12-21,,Active,Annual,False,0
SUB00093,CUST0093,Enterprise,1878.98,2023-11-11,,Active,Annual,False,0
SUB00094,CUST0094,Business,869.79,2023-09-19,2024-12-30,Churned,Monthly,False,0
SUB00095,CUST0095,Business,846.25,2023-11-06,,Active,Annual,False,0
SUB00096,CUST0096,Growth,311.87,2023-12-02,,Active,Annual,True,0
SUB00097,CUST0097,Growth,299.4,2023-03-29,,Active,Monthly,False,10
SUB00098,CUST0098,Starter,106.83,2023-11-11,,Active,Monthly,False,10
SUB00099,CUST0099,Growth,290.33,2023-08-28,,Active,Annual,True,0
SUB00100,CUST0100,Starter,104.0,2024-12-01,,Active,Monthly,False,0
SUB00101,CUST0101,Growth,300.12,2024-07-04,,Active,Monthly,False,0
SUB00102,CUST0102,Business,813.16,2024-05-14,,Active,Monthly,False,0
SUB00103,CUST0103,Growth,326.61,2023-08-21,2024-10-27,Churned,Monthly,False,0
SUB00104,CUST0104,Growth,281.47,2023-08-19,,Active,Monthly,False,0
SUB00105,CUST0105,Starter,95.05,2024-12-15,,Active,Annual,True,0
SUB00106,CUST0106,Growth,278.93,2024-12-16,,Active,Monthly,False,0
SUB00107,CUST0107,Growth,326.42,2024-04-26,2024-10-06,Churned,Annual,False,0
SUB00108,CUST0108,Growth,292.76,2024-01-13,,Active,Monthly,False,0
SUB00109,CUST0109,Starter,93.35,2023-07-03,,Active,Annual,False,0
SUB00110,CUST0110,Business,804.89,2024-04-19,,Active,Monthly,False,0
SUB00111,CUST0111,Growth,326.86,2024-08-18,,Active,Monthly,False,0
SUB00112,CUST0112,Starter,98.17,2023-07-13,2024-08-20,Churned,Annual,False,0
SUB00113,CUST0113,Growth,274.17,2023-05-08,2023-11-04,Churned,Monthly,False,0
SUB00114,CUST0114,Starter,91.9,2024-08-14,,Active,Monthly,False,0
SUB00115,CUST0115,Growth,301.24,2023-03-30,,Active,Monthly,False,0
SUB00116,CUST0116,Starter,92.8,2024-07-05,,Active,Annual,False,20
SUB00117,CUST0117,Growth,280.77,2023-01-25,,Active,Annual,False,0
SUB00118,CUST0118,Growth,311.57,2024-01-16,,Active,Monthly,False,10
SUB00119,CUST0119,Starter,89.75,2024-04-01,,Active,Annual,False,0
SUB00120,CUST0120,Business,798.25,2024-06-05,,Active,Monthly,False,0
SUB00121,CUST0121,Enterprise,2015.81,2023-01-11,,Active,Monthly,False,0
SUB00122,CUST0122,Growth,313.11,2023-06-16,,Active,Annual,False,0
SUB00123,CUST0123,Starter,106.17,2024-02-27,2024-12-04,Churned,Annual,False,10
SUB00124,CUST0124,Starter,105.15,2023-08-14,,Active,Annual,False,0
SUB00125,CUST0125,Starter,91.86,2024-06-17,,Active,Monthly,False,0
SUB00126,CUST0126,Starter,99.77,2024-06-05,,Active,Monthly,False,0
SUB00127,CUST0127,Business,876.58,2024-11-12,,Active,Annual,True,10
SUB00128,CUST0128,Enterprise,2195.9,2024-08-06,,Active,Annual,True,0
SUB00129,CUST0129,Business,851.49,2024-06-02,,Active,Monthly,False,0
SUB00130,CUST0130,Starter,97.3,2024-02-23,,Active,Annual,False,0
SUB00131,CUST0131,Growth,285.74,2023-09-24,,Active,Annual,False,0
SUB00132,CUST0132,Starter,104.43,2023-11-25,,Active,Monthly,False,0
SUB00133,CUST0133,Starter,90.35,2023-07-18,,Active,Monthly,False,0
SUB00134,CUST0134,Starter,105.5,2023-01-15,2024-10-27,Churned,Monthly,False,15
SUB00135,CUST0135,Business,861.99,2024-05-11,,Active,Annual,True,15
SUB00136,CUST0136,Starter,107.5,2024-10-04,,Active,Annual,False,0
SUB00137,CUST0137,Enterprise,2162.68,2024-03-09,,Active,Annual,False,15
SUB00138,CUST0138,Starter,96.24,2024-12-24,,Active,Annual,False,0
SUB00139,CUST0139,Growth,312.51,2024-03-01,,Active,Monthly,False,0
SUB00140,CUST0140,Starter,90.64,2023-12-05,,Active,Monthly,False,0
SUB00141,CUST0141,Starter,91.49,2023-02-17,,Active,Monthly,False,0
SUB00142,CUST0142,Starter,105.06,2023-08-22,2024-04-26,Churned,Annual,False,0
SUB00143,CUST0143,Business,839.45,2023-01-18,2023-08-12,Churned,Monthly,False,0
SUB00144,CUST0144,Growth,278.91,2023-06-04,,Active,Annual,False,20
SUB00145,CUST0145,Growth,295.55,2023-01-17,2023-06-28,Churned,Monthly,False,0
SUB00146,CUST0146,Business,775.28,2023-11-01,,Active,Monthly,False,0
SUB00147,CUST0147,Starter,101.0,2023-04-18,,Active,Annual,False,0
SUB00148,CUST0148,Business,859.06,2024-12-17,,Active,Monthly,False,0
SUB00149,CUST0149,Growth,315.97,2024-05-28,,Active,Monthly,False,0
SUB00150,CUST0150,Growth,273.35,2023-02-12,,Active,Monthly,True,0
SUB00151,CUST0151,Starter,105.71,2024-08-15,,Active,Monthly,False,0
SUB00152,CUST0152,Enterprise,1828.28,2023-01-12,,Active,Monthly,True,20
SUB00153,CUST0153,Enterprise,1958.21,2024-10-18,,Active,Annual,False,0
SUB00154,CUST0154,Growth,307.4,2024-12-28,,Active,Monthly,False,0
SUB00155,CUST0155,Enterprise,2188.63,2024-03-30,2024-08-20,Churned,Monthly,False,0
SUB00156,CUST0156,Business,827.93,2023-08-01,2024-09-21,Churned,Monthly,False,20
SUB00157,CUST0157,Starter,93.94,2023-03-18,,Active,Annual,True,0
SUB00158,CUST0158,Growth,308.45,2023-05-12,2023-07-23,Churned,Annual,False,10
SUB00159,CUST0159,Starter,107.97,2023-01-31,,Active,Annual,False,0
SUB00160,CUST0160,Starter,104.57,2024-11-21,,Active,Annual,False,0
SUB00161,CUST0161,Business,762.56,2023-10-26,2024-12-23,Churned,Annual,False,0
SUB00162,CUST0162,Growth,299.64,2024-12-14,,Active,Monthly,False,0
SUB00163,CUST0163,Business,862.0,2024-01-19,,Active,Annual,True,0
SUB00164,CUST0164,Business,721.06,2024-01-10,2024-09-12,Churned,Monthly,False,0
SUB00165,CUST0165,Enterprise,2141.92,2023-05-27,,Active,Annual,False,0
SUB00166,CUST0166,Starter,97.34,2023-11-06,,Active,Monthly,False,0
SUB00167,CUST0167,Growth,323.04,2024-02-19,2024-05-12,Churned,Annual,False,0
SUB00168,CUST0168,Growth,285.98,2023-12-08,,Active,Monthly,False,0
SUB00169,CUST0169,Starter,100.26,2024-02-07,2024-08-09,Churned,Monthly,False,0
SUB00170,CUST0170,Growth,315.3,2023-11-13,2024-10-17,Churned,Annual,False,0
SUB00171,CUST0171,Starter,97.22,2024-12-28,,Active,Annual,False,15
SUB00172,CUST0172,Enterprise,1799.68,2024-03-24,,Active,Annual,False,0
SUB00173,CUST0173,Growth,283.34,2023-03-09,,Active,Annual,True,10
SUB00174,CUST0174,Starter,107.34,2024-07-07,,Active,Annual,False,0
SUB00175,CUST0175,Enterprise,1833.04,2024-08-27,2024-11-12,Churned,Annual,False,0
SUB00176,CUST0176,Growth,272.82,2024-09-12,,Active,Monthly,True,15
SUB00177,CUST0177,Enterprise,1956.2,2024-05-24,,Active,Monthly,False,0
SUB00178,CUST0178,Enterprise,1853.52,2023-05-10,,Active,Monthly,True,0
SUB00179,CUST0179,Starter,91.49,2024-02-19,,Active,Monthly,False,0
SUB00180,CUST0180,Business,733.55,2024-04-26,,Active,Annual,False,0
SUB00181,CUST0181,Starter,106.06,2023-02-25,2024-01-05,Churned,Annual,False,0
SUB00182,CUST0182,Starter,95.02,2024-09-14,,Active,Annual,False,15
SUB00183,CUST0183,Growth,302.0,2024-08-13,2024-10-25,Churned,Annual,False,0
SUB00184,CUST0184,Starter,105.54,2023-03-05,,Active,Annual,True,0
SUB00185,CUST0185,Growth,307.65,2023-02-28,,Active,Annual,False,0
SUB00186,CUST0186,Starter,106.97,2023-04-20,,Active,Annual,True,15
SUB00187,CUST0187,Starter,89.95,2023-11-15,,Active,Monthly,False,15
SUB00188,CUST0188,Starter,89.68,2024-07-09,,Active,Monthly,False,0
SUB00189,CUST0189,Starter,106.59,2024-07-15,2024-12-01,Churned,Annual,False,0
SUB00190,CUST0190,Growth,321.89,2024-11-30,,Active,Monthly,True,0
SUB00191,CUST0191,Growth,316.77,2023-10-17,2024-09-19,Churned,Annual,False,20
SUB00192,CUST0192,Business,776.49,2024-09-10,,Active,Annual,False,0
SUB00193,CUST0193,Starter,92.66,2023-09-27,,Active,Annual,False,10
SUB00194,CUST0194,Starter,108.73,2023-04-03,,Active,Annual,False,20
SUB00195,CUST0195,Starter,102.11,2024-01-16,,Active,Annual,False,0
SUB00196,CUST0196,Enterprise,1886.82,2024-08-05,,Active,Monthly,False,15
SUB00197,CUST0197,Business,747.24,2024-01-31,,Active,Annual,False,20
SUB00198,CUST0198,Starter,102.97,2023-07-19,,Active,Monthly,False,0
SUB00199,CUST0199,Enterprise,2151.57,2023-12-28,,Active,Monthly,False,0
SUB00200,CUST0200,Starter,93.43,2024-06-13,,Active,Annual,True,0
SUB00201,CUST0201,Starter,103.3,2023-08-03,,Active,Monthly,False,0
SUB00202,CUST0202,Growth,323.95,2023-11-03,,Active,Annual,False,20
SUB00203,CUST0203,Starter,107.75,2023-12-14,,Active,Monthly,True,0
SUB00204,CUST0204,Starter,107.88,2023-07-03,,Active,Annual,False,0
SUB00205,CUST0205,Enterprise,2076.39,2024-02-11,,Active,Monthly,False,0
SUB00206,CUST0206,Starter,95.18,2024-12-21,,Active,Annual,True,20
SUB00207,CUST0207,Enterprise,1955.66,2023-03-16,,Active,Monthly,False,0
SUB00208,CUST0208,Enterprise,2185.92,2023-11-12,,Active,Annual,False,0
SUB00209,CUST0209,Business,757.13,2024-06-13,,Active,Annual,False,0
SUB00210,CUST0210,Business,821.23,2023-07-05,,Active,Monthly,False,0
SUB00211,CUST0211,Starter,94.18,2024-10-02,2024-12-01,Churned,Monthly,False,0
SUB00212,CUST0212,Growth,279.05,2023-12-20,,Active,Monthly,False,0
SUB00213,CUST0213,Business,845.14,2023-08-25,,Active,Monthly,False,0
SUB00214,CUST0214,Business,724.44,2023-04-03,2024-02-24,Churned,Annual,False,0
SUB00215,CUST0215,Starter,96.53,2023-09-02,,Active,Annual,False,0
SUB00216,CUST0216,Growth,305.8,2024-12-17,,Active,Annual,True,0
SUB00217,CUST0217,Business,744.21,2023-05-27,2024-02-21,Churned,Annual,False,0
SUB00218,CUST0218,Growth,324.45,2024-05-28,,Active,Monthly,False,0
SUB00219,CUST0219,Starter,99.98,2024-11-27,,Active,Monthly,True,0
SUB00220,CUST0220,Business,818.99,2023-11-15,,Active,Monthly,True,0
SUB00221,CUST0221,Enterprise,1988.43,2023-08-14,2024-11-17,Churned,Monthly,False,0
SUB00222,CUST0222,Growth,274.55,2023-02-10,,Active,Annual,False,0
SUB00223,CUST0223,Growth,284.85,2024-12-07,,Active,Monthly,False,0
SUB00224,CUST0224,Business,825.76,2024-03-19,2024-08-14,Churned,Annual,False,0
SUB00225,CUST0225,Business,755.46,2024-11-19,,Active,Monthly,False,20
SUB00226,CUST0226,Growth,325.09,2024-03-04,,Active,Monthly,False,0
SUB00227,CUST0227,Business,724.65,2024-06-02,,Active,Monthly,False,20
SUB00228,CUST0228,Starter,107.9,2023-04-21,,Active,Monthly,False,0
SUB00229,CUST0229,Starter,89.94,2023-11-13,2024-12-26,Churned,Monthly,False,20
SUB00230,CUST0230,Growth,318.98,2023-03-12,2023-07-18,Churned,Monthly,False,0
SUB00231,CUST0231,Growth,320.33,2023-12-05,,Active,Monthly,False,10
SUB00232,CUST0232,Growth,315.84,2024-07-26,,Active,Monthly,True,0
SUB00233,CUST0233,Enterprise,1839.16,2023-02-01,2023-07-14,Churned,Annual,False,15
SUB00234,CUST0234,Business,859.39,2024-01-29,,Active,Monthly,False,0
SUB00235,CUST0235,Starter,97.08,2023-08-01,,Active,Monthly,False,0
SUB00236,CUST0236,Business,829.44,2024-11-02,,Active,Monthly,False,0
SUB00237,CUST0237,Starter,104.81,2023-07-09,2024-11-11,Churned,Monthly,False,0
SUB00238,CUST0238,Starter,106.3,2024-10-29,2024-12-31,Churned,Annual,False,0
SUB00239,CUST0239,Business,815.78,2023-08-31,2024-06-12,Churned,Monthly,False,15
SUB00240,CUST0240,Business,840.47,2023-07-22,,Active,Monthly,False,0
SUB00241,CUST0241,Starter,99.13,2023-07-26,2024-12-02,Churned,Monthly,False,0
SUB00242,CUST0242,Starter,106.43,2024-02-12,,Active,Monthly,True,0
SUB00243,CUST0243,Starter,93.04,2024-12-26,,Active,Monthly,False,20
SUB00244,CUST0244,Growth,283.57,2023-07-20,,Active,Annual,False,0
SUB00245,CUST0245,Growth,289.69,2023-10-02,,Active,Annual,False,0
SUB00246,CUST0246,Starter,90.08,2023-06-18,,Active,Monthly,False,0
SUB00247,CUST0247,Starter,93.19,2023-09-08,,Active,Annual,False,20
SUB00248,CUST0248,Growth,297.45,2023-10-21,2024-03-17,Churned,Annual,False,0
SUB00249,CUST0249,Starter,105.04,2024-06-29,2024-12-29,Churned,Annual,False,0
SUB00250,CUST0250,Business,855.18,2023-10-27,,Active,Monthly,False,0
SUB00251,CUST0251,Growth,304.05,2023-07-03,2024-08-05,Churned,Annual,False,15
SUB00252,CUST0252,Growth,304.61,2023-07-25,2024-09-07,Churned,Monthly,False,0
SUB00253,CUST0253,Enterprise,2055.21,2023-12-13,,Active,Annual,False,15
SUB00254,CUST0254,Starter,92.07,2024-06-27,,Active,Annual,False,15
SUB00255,CUST0255,Growth,308.6,2023-11-11,,Active,Annual,False,20
SUB00256,CUST0256,Starter,97.39,2023-04-25,,Active,Annual,True,0
SUB00257,CUST0257,Starter,103.49,2024-04-26,,Active,Annual,False,20
SUB00258,CUST0258,Growth,299.44,2023-11-02,,Active,Annual,False,0
SUB00259,CUST0259,Starter,91.63,2023-02-24,2024-11-17,Churned,Annual,False,0
SUB00260,CUST0260,Growth,289.17,2023-02-09,2024-04-07,Churned,Monthly,False,15
SUB00261,CUST0261,Growth,322.13,2024-02-25,,Active,Monthly,False,0
SUB00262,CUST0262,Starter,101.66,2024-05-27,,Active,Monthly,False,0
SUB00263,CUST0263,Starter,102.58,2024-02-08,,Active,Annual,False,0
SUB00264,CUST0264,Enterprise,1936.1,2023-02-07,,Active,Annual,False,0
SUB00265,CUST0265,Business,747.92,2023-04-09,2024-05-13,Churned,Annual,False,0
SUB00266,CUST0266,Growth,269.38,2023-07-01,2024-09-22,Churned,Annual,False,0
SUB00267,CUST0267,Starter,104.65,2024-03-23,,Active,Monthly,True,0
SUB00268,CUST0268,Growth,297.65,2024-07-10,2024-11-15,Churned,Monthly,False,0
SUB00269,CUST0269,Starter,95.48,2024-05-23,,Active,Annual,False,0
SUB00270,CUST0270,Starter,102.83,2024-11-19,,Active,Monthly,True,0
SUB00271,CUST0271,Starter,105.41,2023-10-11,,Active,Annual,False,0
SUB00272,CUST0272,Starter,106.68,2024-01-04,,Active,Annual,False,0
SUB00273,CUST0273,Starter,107.87,2024-04-11,,Active,Monthly,False,10
SUB00274,CUST0274,Starter,103.63,2023-02-26,,Active,Monthly,False,0
SUB00275,CUST0275,Starter,106.46,2023-07-28,,Active,Monthly,False,20
SUB00276,CUST0276,Growth,308.18,2024-01-30,2024-05-28,Churned,Monthly,False,0
SUB00277,CUST0277,Growth,297.47,2023-09-18,2024-11-06,Churned,Annual,False,0
SUB00278,CUST0278,Growth,275.14,2023-03-11,,Active,Annual,False,0
SUB00279,CUST0279,Business,800.85,2024-02-27,,Active,Annual,False,0
SUB00280,CUST0280,Growth,315.62,2024-07-07,,Active,Monthly,False,0
SUB00281,CUST0281,Starter,99.95,2024-08-01,,Active,Monthly,False,0
SUB00282,CUST0282,Starter,90.86,2023-09-25,,Active,Monthly,False,20
SUB00283,CUST0283,Business,731.09,2024-06-01,,Active,Annual,False,0
SUB00284,CUST0284,Enterprise,1904.7,2023-07-11,2024-10-29,Churned,Monthly,False,0
SUB00285,CUST0285,Starter,104.97,2023-03-14,,Active,Monthly,False,10
SUB00286,CUST0286,Starter,105.97,2024-12-09,,Active,Monthly,False,0
SUB00287,CUST0287,Growth,321.63,2024-02-10,,Active,Monthly,False,0
SUB00288,CUST0288,Enterprise,1907.78,2023-03-06,,Active,Annual,False,0
SUB00289,CUST0289,Business,737.17,2024-06-29,,Active,Annual,True,0
SUB00290,CUST0290,Growth,304.43,2023-09-05,,Active,Monthly,False,0
SUB00291,CUST0291,Starter,89.67,2024-12-15,,Active,Annual,False,0
SUB00292,CUST0292,Enterprise,1844.25,2024-01-23,,Active,Monthly,True,0
SUB00293,CUST0293,Business,827.43,2023-09-27,,Active,Monthly,False,20
SUB00294,CUST0294,Growth,289.33,2024-07-31,,Active,Monthly,False,0
SUB00295,CUST0295,Starter,95.95,2023-07-23,,Active,Annual,False,0
SUB00296,CUST0296,Enterprise,1820.92,2024-04-18,,Active,Annual,False,15
SUB00297,CUST0297,Business,731.06,2023-11-04,,Active,Annual,False,0
SUB00298,CUST0298,Starter,101.84,2024-08-24,,Active,Monthly,False,15
SUB00299,CUST0299,Growth,320.32,2023-11-23,,Active,Monthly,True,0
SUB00300,CUST0300,Starter,97.26,2023-02-19,,Active,Monthly,True,0
SUB00301,CUST0301,Growth,287.31,2023-01-07,,Active,Annual,False,20
SUB00302,CUST0302,Starter,90.17,2023-06-30,,Active,Monthly,False,0
SUB00303,CUST0303,Growth,308.4,2023-01-16,,Active,Annual,True,0
SUB00304,CUST0304,Starter,105.53,2023-02-07,,Active,Monthly,False,10
SUB00305,CUST0305,Starter,92.35,2023-04-10,2024-08-01,Churned,Monthly,False,0
SUB00306,CUST0306,Starter,107.52,2024-04-27,,Active,Annual,False,10
SUB00307,CUST0307,Starter,97.31,2024-03-31,,Active,Monthly,False,10
SUB00308,CUST0308,Growth,308.48,2023-07-07,,Active,Monthly,True,0
SUB00309,CUST0309,Starter,107.62,2023-03-14,,Active,Monthly,False,20
SUB00310,CUST0310,Starter,100.56,2024-06-16,,Active,Monthly,True,0
SUB00311,CUST0311,Business,799.66,2024-08-14,,Active,Annual,False,10
SUB00312,CUST0312,Starter,108.18,2023-11-02,,Active,Monthly,False,0
SUB00313,CUST0313,Business,838.7,2024-06-25,2024-11-12,Churned,Annual,False,20
SUB00314,CUST0314,Growth,281.11,2023-07-18,,Active,Monthly,False,0
SUB00315,CUST0315,Enterprise,2059.0,2024-02-24,,Active,Annual,False,0
SUB00316,CUST0316,Starter,96.07,2024-04-07,,Active,Annual,False,0
SUB00317,CUST0317,Business,853.55,2024-11-29,,Active,Annual,False,0
SUB00318,CUST0318,Starter,91.98,2023-07-07,,Active,Annual,False,0
SUB00319,CUST0319,Starter,94.06,2024-11-09,,Active,Monthly,False,10
SUB00320,CUST0320,Starter,105.22,2024-04-17,2024-12-05,Churned,Annual,False,15
SUB00321,CUST0321,Business,808.79,2024-05-04,2024-12-28,Churned,Monthly,False,0
SUB00322,CUST0322,Enterprise,1954.04,2024-03-24,,Active,Monthly,False,0
SUB00323,CUST0323,Starter,94.08,2024-02-07,,Active,Annual,False,15
SUB00324,CUST0324,Enterprise,2080.81,2024-06-14,,Active,Monthly,False,0
SUB00325,CUST0325,Business,873.19,2024-09-01,,Active,Annual,False,0
SUB00326,CUST0326,Starter,99.27,2024-11-04,,Active,Monthly,False,0
SUB00327,CUST0327,Growth,284.35,2024-07-17,2024-12-14,Churned,Annual,False,0
SUB00328,CUST0328,Enterprise,2037.73,2023-12-25,,Active,Annual,False,0
SUB00329,CUST0329,Business,807.02,2023-02-24,2024-03-15,Churned,Monthly,False,20
SUB00330,CUST0330,Growth,316.12,2023-10-14,2024-09-16,Churned,Monthly,False,0
SUB00331,CUST0331,Starter,93.32,2024-11-03,,Active,Monthly,False,10
SUB00332,CUST0332,Growth,328.7,2024-08-25,,Active,Monthly,False,0
SUB00333,CUST0333,Growth,323.19,2024-08-01,,Active,Annual,False,0
SUB00334,CUST0334,Starter,107.24,2023-05-13,,Active,Monthly,False,0
SUB00335,CUST0335,Enterprise,2127.78,2023-03-24,,Active,Monthly,False,0
SUB00336,CUST0336,Business,749.86,2023-10-22,,Active,Monthly,False,20
SUB00337,CUST0337,Growth,269.54,2023-02-03,2023-11-08,Churned,Annual,False,0
SUB00338,CUST0338,Starter,99.75,2023-02-12,,Active,Annual,False,0
SUB00339,CUST0339,Enterprise,2097.71,2024-07-11,2024-11-06,Churned,Annual,False,0
SUB00340,CUST0340,Starter,92.62,2024-04-30,2024-07-17,Churned,Monthly,False,0
SUB00341,CUST0341,Starter,96.78,2023-11-03,,Active,Monthly,False,0
SUB00342,CUST0342,Growth,307.46,2024-02-21,,Active,Monthly,False,10
SUB00343,CUST0343,Starter,107.48,2024-04-26,2024-12-17,Churned,Monthly,False,0
SUB00344,CUST0344,Business,789.04,2023-11-29,,Active,Monthly,False,0
SUB00345,CUST0345,Starter,96.84,2024-01-12,,Active,Annual,False,0
SUB00346,CUST0346,Growth,323.77,2023-09-03,,Active,Monthly,False,20
SUB00347,CUST0347,Growth,302.29,2024-10-03,2024-12-02,Churned,Monthly,False,0
SUB00348,CUST0348,Growth,274.19,2024-04-12,2024-12-17,Churned,Annual,False,0
SUB00349,CUST0349,Growth,307.73,2024-08-28,,Active,Monthly,False,15
SUB00350,CUST0350,Starter,92.69,2024-05-05,,Active,Annual,False,20
SUB00351,CUST0351,Enterprise,1983.51,2023-04-21,,Active,Monthly,False,0
SUB00352,CUST0352,Business,796.95,2023-02-19,2023-08-29,Churned,Annual,False,0
SUB00353,CUST0353,Starter,90.48,2024-03-07,2024-09-07,Churned,Monthly,False,0
SUB00354,CUST0354,Starter,100.67,2024-12-21,,Active,Monthly,False,0
SUB00355,CUST0355,Starter,93.97,2023-10-19,,Active,Monthly,False,15
SUB00356,CUST0356,Starter,103.61,2024-04-22,,Active,Monthly,False,0
SUB00357,CUST0357,Growth,279.61,2023-05-08,,Active,Annual,False,0
SUB00358,CUST0358,Growth,284.84,2023-07-25,,Active,Monthly,True,0
SUB00359,CUST0359,Growth,270.97,2024-08-17,,Active,Monthly,False,20
SUB00360,CUST0360,Growth,301.6,2024-04-28,,Active,Annual,False,0
SUB00361,CUST0361,Starter,104.39,2024-10-25,,Active,Monthly,False,0
SUB00362,CUST0362,Starter,99.04,2024-09-07,,Active,Annual,False,0
SUB00363,CUST0363,Starter,99.28,2024-12-21,,Active,Annual,False,0
SUB00364,CUST0364,Enterprise,2093.32,2024-01-25,,Active,Monthly,False,0
SUB00365,CUST0365,Starter,96.41,2024-06-25,2024-10-15,Churned,Monthly,False,10
SUB00366,CUST0366,Starter,107.27,2024-09-22,,Active,Annual,True,0
SUB00367,CUST0367,Enterprise,2052.4,2023-04-27,2024-03-21,Churned,Monthly,False,0
SUB00368,CUST0368,Starter,96.59,2024-03-07,,Active,Monthly,False,0
SUB00369,CUST0369,Enterprise,1888.22,2024-08-12,,Active,Monthly,False,10
SUB00370,CUST0370,Business,720.15,2024-09-10,,Active,Monthly,False,0
SUB00371,CUST0371,Starter,92.07,2023-09-09,,Active,Annual,False,0
SUB00372,CUST0372,Growth,288.85,2024-04-08,,Active,Monthly,False,0
SUB00373,CUST0373,Growth,293.67,2024-05-12,2024-08-12,Churned,Monthly,False,0
SUB00374,CUST0374,Growth,271.44,2023-10-20,,Active,Monthly,True,0
SUB00375,CUST0375,Enterprise,2038.72,2024-04-07,,Active,Annual,True,0
SUB00376,CUST0376,Starter,90.8,2024-04-17,,Active,Annual,False,0
SUB00377,CUST0377,Business,815.11,2024-03-21,,Active,Monthly,False,0
SUB00378,CUST0378,Starter,103.44,2023-04-26,2024-10-01,Churned,Monthly,False,0
SUB00379,CUST0379,Starter,91.72,2023-06-25,2024-05-17,Churned,Annual,False,0
SUB00380,CUST0380,Growth,278.04,2024-05-05,2024-11-02,Churned,Annual,False,0
SUB00381,CUST0381,Business,804.02,2024-05-04,,Active,Annual,True,20
SUB00382,CUST0382,Growth,269.17,2024-04-26,,Active,Monthly,False,0
SUB00383,CUST0383,Business,830.58,2023-09-25,,Active,Monthly,False,10
SUB00384,CUST0384,Starter,105.03,2023-06-14,,Active,Monthly,False,0
SUB00385,CUST0385,Starter,104.26,2023-11-29,,Active,Monthly,True,0
SUB00386,CUST0386,Starter,89.21,2024-10-07,,Active,Monthly,True,0
SUB00387,CUST0387,Starter,93.17,2024-03-24,,Active,Monthly,False,0
SUB00388,CUST0388,Growth,284.73,2024-06-19,,Active,Annual,False,20
SUB00389,CUST0389,Starter,93.13,2023-11-11,,Active,Monthly,False,0
SUB00390,CUST0390,Growth,328.21,2023-02-11,,Active,Monthly,False,0
SUB00391,CUST0391,Business,738.13,2023-01-07,,Active,Annual,False,0
SUB00392,CUST0392,Growth,316.11,2023-04-17,,Active,Annual,False,0
SUB00393,CUST0393,Starter,101.69,2023-12-29,,Active,Monthly,False,0
SUB00394,CUST0394,Starter,94.31,2023-03-04,,Active,Annual,False,20
SUB00395,CUST0395,Growth,308.34,2023-11-25,,Active,Monthly,False,10
SUB00396,CUST0396,Starter,98.89,2023-03-29,2024-11-08,Churned,Monthly,False,0
SUB00397,CUST0397,Growth,299.95,2023-10-05,,Active,Monthly,False,0
SUB00398,CUST0398,Starter,92.22,2024-10-25,,Active,Monthly,False,0
SUB00399,CUST0399,Growth,300.06,2024-06-24,,Active,Monthly,True,0
SUB00400,CUST0400,Business,865.32,2023-11-25,,Active,Monthly,False,0
SUB00401,CUST0401,Starter,107.51,2024-09-30,,Active,Monthly,False,0
SUB00402,CUST0402,Starter,94.93,2023-05-06,,Active,Annual,False,15
SUB00403,CUST0403,Business,810.97,2024-11-21,,Active,Monthly,False,10
SUB00404,CUST0404,Business,872.71,2024-02-07,,Active,Monthly,False,0
SUB00405,CUST0405,Starter,90.44,2023-04-24,,Active,Annual,False,0
SUB00406,CUST0406,Starter,108.02,2024-10-05,,Active,Annual,True,0
SUB00407,CUST0407,Starter,102.44,2024-04-19,,Active,Annual,True,0
SUB00408,CUST0408,Starter,106.81,2024-04-16,,Active,Annual,False,20
SUB00409,CUST0409,Growth,281.04,2023-12-13,,Active,Monthly,False,0
SUB00410,CUST0410,Starter,101.35,2024-04-26,2024-07-22,Churned,Monthly,False,0
SUB00411,CUST0411,Enterprise,1996.07,2024-07-28,2024-12-04,Churned,Annual,False,15
SUB00412,CUST0412,Starter,95.35,2024-12-18,,Active,Monthly,False,0
SUB00413,CUST0413,Starter,104.23,2023-08-16,,Active,Annual,False,0
SUB00414,CUST0414,Growth,294.41,2024-02-11,,Active,Monthly,True,15
SUB00415,CUST0415,Business,792.16,2024-04-22,2024-10-31,Churned,Monthly,False,0
SUB00416,CUST0416,Starter,93.27,2023-05-10,,Active,Annual,False,0
SUB00417,CUST0417,Growth,283.28,2024-05-12,,Active,Monthly,False,0
SUB00418,CUST0418,Starter,102.97,2023-01-30,,Active,Monthly,False,0
SUB00419,CUST0419,Starter,100.5,2023-01-13,,Active,Monthly,True,0
SUB00420,CUST0420,Growth,291.88,2023-08-08,2024-10-19,Churned,Monthly,False,15
SUB00421,CUST0421,Starter,98.99,2023-03-09,,Active,Monthly,False,10
SUB00422,CUST0422,Business,767.05,2023-07-24,,Active,Monthly,False,0
SUB00423,CUST0423,Starter,105.21,2023-11-11,,Active,Monthly,False,0
SUB00424,CUST0424,Starter,100.19,2023-06-24,,Active,Monthly,False,0
SUB00425,CUST0425,Business,873.01,2023-05-01,2023-12-25,Churned,Annual,False,0
SUB00426,CUST0426,Starter,99.21,2023-01-27,,Active,Monthly,False,0
SUB00427,CUST0427,Growth,326.3,2023-08-29,,Active,Annual,False,0
SUB00428,CUST0428,Growth,293.31,2024-07-29,,Active,Monthly,True,0
SUB00429,CUST0429,Growth,311.58,2024-09-22,,Active,Annual,False,10
SUB00430,CUST0430,Enterprise,2098.11,2023-02-10,,Active,Monthly,False,15
SUB00431,CUST0431,Starter,93.75,2023-09-03,2024-11-16,Churned,Annual,False,0
SUB00432,CUST0432,Starter,91.14,2023-08-05,2024-12-26,Churned,Monthly,False,0
SUB00433,CUST0433,Business,802.83,2023-07-27,,Active,Annual,True,0
SUB00434,CUST0434,Enterprise,1954.96,2023-03-23,2024-03-07,Churned,Monthly,False,0
SUB00435,CUST0435,Growth,279.3,2024-12-17,,Active,Annual,False,15
SUB00436,CUST0436,Growth,321.18,2024-10-11,,Active,Monthly,False,20
SUB00437,CUST0437,Growth,304.43,2024-10-14,,Active,Annual,False,0
SUB00438,CUST0438,Growth,301.02,2024-06-20,,Active,Monthly,False,0
SUB00439,CUST0439,Starter,97.26,2023-09-07,2023-11-11,Churned,Monthly,False,15
SUB00440,CUST0440,Business,774.05,2023-01-12,,Active,Annual,True,20
SUB00441,CUST0441,Growth,269.65,2023-11-05,,Active,Monthly,False,0
SUB00442,CUST0442,Starter,97.25,2024-01-14,,Active,Monthly,False,10
SUB00443,CUST0443,Starter,96.59,2023-08-19,2024-05-21,Churned,Annual,False,0
SUB00444,CUST0444,Business,817.09,2024-09-13,,Active,Annual,False,0
SUB00445,CUST0445,Starter,92.82,2023-01-11,2023-07-29,Churned,Monthly,False,0
SUB00446,CUST0446,Growth,285.37,2024-03-11,,Active,Monthly,False,0
SUB00447,CUST0447,Growth,280.22,2024-10-31,2024-12-31,Churned,Monthly,False,0
SUB00448,CUST0448,Starter,90.89,2024-09-15,2024-11-27,Churned,Monthly,False,0
SUB00449,CUST0449,Business,878.57,2023-10-01,,Active,Monthly,False,15
SUB00450,CUST0450,Enterprise,1821.5,2024-12-27,,Active,Monthly,True,0
SUB00451,CUST0451,Business,849.7,2023-05-04,,Active,Annual,True,0
SUB00452,CUST0452,Business,789.89,2023-01-14,,Active,Monthly,True,10
SUB00453,CUST0453,Growth,327.83,2023-12-27,,Active,Monthly,False,0
SUB00454,CUST0454,Growth,271.62,2023-03-25,,Active,Monthly,False,0
SUB00455,CUST0455,Starter,106.67,2024-06-21,,Active,Monthly,False,0
SUB00456,CUST0456,Starter,92.41,2024-03-14,,Active,Annual,True,0
SUB00457,CUST0457,Starter,104.61,2023-01-28,,Active,Monthly,False,0
SUB00458,CUST0458,Starter,90.91,2024-06-26,,Active,Annual,False,0
SUB00459,CUST0459,Starter,101.86,2023-05-09,,Active,Monthly,False,0
SUB00460,CUST0460,Enterprise,2114.37,2024-06-13,,Active,Monthly,False,0
SUB00461,CUST0461,Growth,290.52,2023-01-31,2023-05-11,Churned,Monthly,False,0
SUB00462,CUST0462,Starter,102.9,2024-11-09,,Active,Monthly,False,10
SUB00463,CUST0463,Starter,105.56,2023-06-19,,Active,Monthly,False,0
SUB00464,CUST0464,Starter,94.31,2024-11-15,,Active,Annual,True,0
SUB00465,CUST0465,Starter,89.47,2024-05-23,,Active,Monthly,False,10
SUB00466,CUST0466,Growth,301.33,2024-05-10,,Active,Monthly,False,0
SUB00467,CUST0467,Growth,288.39,2023-05-26,,Active,Monthly,True,0
SUB00468,CUST0468,Business,739.84,2023-05-20,,Active,Monthly,False,0
SUB00469,CUST0469,Growth,319.11,2024-08-04,,Active,Annual,False,0
SUB00470,CUST0470,Starter,101.1,2024-06-28,2024-12-24,Churned,Annual,False,0
SUB00471,CUST0471,Enterprise,2131.76,2024-04-10,,Active,Monthly,False,10
SUB00472,CUST0472,Business,850.46,2023-02-22,,Active,Annual,True,0
SUB00473,CUST0473,Business,852.45,2024-06-14,2024-10-07,Churned,Annual,False,0
SUB00474,CUST0474,Business,804.06,2024-12-10,,Active,Monthly,False,0
SUB00475,CUST0475,Starter,103.93,2024-04-07,,Active,Annual,True,0
SUB00476,CUST0476,Growth,308.88,2023-09-06,,Active,Monthly,False,0
SUB00477,CUST0477,Starter,92.23,2023-11-18,,Active,Monthly,False,0
SUB00478,CUST0478,Enterprise,1928.9,2024-04-22,,Active,Monthly,False,10
SUB00479,CUST0479,Growth,302.78,2024-05-30,2024-12-16,Churned,Annual,False,0
SUB00480,CUST0480,Enterprise,1978.01,2024-11-20,,Active,Annual,False,0
SUB00481,CUST0481,Growth,328.51,2024-02-20,2024-09-20,Churned,Annual,False,0
SUB00482,CUST0482,Starter,104.38,2024-04-23,,Active,Annual,False,0
SUB00483,CUST0483,Growth,303.28,2024-09-01,2024-11-29,Churned,Monthly,False,0
SUB00484,CUST0484,Starter,100.63,2023-10-27,,Active,Monthly,False,0
SUB00485,CUST0485,Enterprise,2092.66,2024-11-08,,Active,Monthly,False,15
SUB00486,CUST0486,Growth,303.56,2024-02-06,,Active,Monthly,False,10
SUB00487,CUST0487,Growth,273.79,2023-11-20,2024-07-08,Churned,Monthly,False,15
SUB00488,CUST0488,Growth,321.0,2024-05-10,,Active,Annual,False,0
SUB00489,CUST0489,Starter,104.49,2024-10-08,,Active,Monthly,False,0
SUB00490,CUST0490,Starter,99.05,2023-08-24,,Active,Annual,True,0
SUB00491,CUST0491,Growth,304.69,2024-06-21,,Active,Monthly,False,0
SUB00492,CUST0492,Starter,90.73,2023-08-14,,Active,Monthly,True,0
SUB00493,CUST0493,Growth,315.37,2024-08-10,2024-10-26,Churned,Monthly,False,0
SUB00494,CUST0494,Starter,100.41,2023-10-22,,Active,Monthly,False,0
SUB00495,CUST0495,Starter,97.62,2024-11-10,,Active,Monthly,False,0
SUB00496,CUST0496,Starter,92.87,2024-03-06,,Active,Annual,False,0
SUB00497,CUST0497,Starter,105.37,2024-09-26,,Active,Monthly,False,20
SUB00498,CUST0498,Starter,102.67,2024-12-21,,Active,Monthly,False,10
SUB00499,CUST0499,Starter,101.4,2023-04-20,2024-04-08,Churned,Monthly,False,0
SUB00500,CUST0500,Starter,98.01,2023-08-11,2024-01-25,Churned,Annual,False,0
